"report_id","report_date","country","region","subregion","drug_name_generic","drug_name_brand","drug_class","atc_code","route_of_administration","dose_mg","dose_frequency","duration_of_use_days","indication","adverse_event","adverse_event_meddra_pt","system_organ_class","severity","severity_score","seriousness","causality_assessment","time_to_onset_days","patient_age_group","patient_age_years","patient_sex","patient_weight_kg","comorbidities","concomitant_medications","rechallenge","dechallenge","outcome","reporter_type","data_source","notes"
"AFPV-2024-KE-0001","2024-01-05","Kenya","East Africa","Greater Horn of Africa","Artemether + Lumefantrine","Coartem","Antimalarial","P01BF01","Oral","80/480","Twice daily (3 days)","3","Uncomplicated Plasmodium falciparum malaria","Prolonged QTc interval","Electrocardiogram QT prolonged","Cardiac disorders","Moderate","2","Yes","Probable","2.0","Adult","34","Female","58.0","","Metoclopramide","Not rechallenged","Event resolved on discontinuation","Recovered","Pharmacist","WHO VigiAccess / PPB Kenya","QTc >480ms recorded on ECG day 2 of treatment"
"AFPV-2024-KE-0002","2024-01-11","Kenya","East Africa","Greater Horn of Africa","Efavirenz","Stocrin","Antiretroviral (NNRTI)","J05AG03","Oral","600","Once daily (night)","180","HIV-1 infection","Vivid nightmares and suicidal ideation","Suicidal ideation","Psychiatric disorders","Severe","3","Yes","Probable","14.0","Adult","29","Male","72.0","Depression","Cotrimoxazole","Not rechallenged","Switched to Dolutegravir","Recovered with sequelae","Clinician","PPB Kenya","Patient reported persistent neuropsychiatric symptoms after 6 months"
"AFPV-2024-NG-0001","2024-01-15","Nigeria","West Africa","Gulf of Guinea","Amodiaquine + Artesunate","ASAQ Winthrop","Antimalarial","P01BA06","Oral","270/90","Once daily (3 days)","3","Uncomplicated malaria","Severe neutropenia","Neutropenia","Blood and lymphatic system disorders","Severe","3","Yes","Probable","7.0","Pediatric","6","Male","19.0","Malnutrition","","Not rechallenged","Discontinued; supportive care","Hospitalized - not recovered","Clinician","NAFDAC Nigeria","ANC <500 cells/µL; required G-CSF support"
"AFPV-2024-NG-0002","2024-01-22","Nigeria","West Africa","Gulf of Guinea","Pyrimethamine + Sulfadoxine","Fansidar","Antimalarial","P01BD51","Oral","75/1500","Single dose","1","Malaria prophylaxis in pregnancy","Stevens-Johnson Syndrome","Stevens-Johnson syndrome","Skin and subcutaneous tissue disorders","Severe","4","Yes","Definite","5.0","Adult","24","Female","61.0","Pregnancy (2nd trimester)","Ferrous sulfate + Folic acid","Not rechallenged","Discontinued; dermatology referral","Hospitalized - recovering","Clinician","NAFDAC Nigeria","Extensive mucocutaneous involvement; ICU admission required"
"AFPV-2024-ET-0001","2024-01-28","Ethiopia","East Africa","Horn of Africa","Isoniazid","Rimifon","Antitubercular","J04AC01","Oral","300","Once daily","180","Pulmonary tuberculosis","Drug-induced hepatotoxicity","Hepatotoxicity","Hepatobiliary disorders","Severe","3","Yes","Definite","45.0","Adult","41","Male","65.0","Alcohol use disorder","Rifampicin + Pyrazinamide + Ethambutol","Not rechallenged","Regimen held; monitoring","Recovering","Clinician","Ethiopian Food and Drug Authority","ALT >10x ULN; jaundice present"
"AFPV-2024-ET-0002","2024-02-03","Ethiopia","East Africa","Horn of Africa","Rifampicin","Rifadin","Antitubercular","J04AB02","Oral","600","Once daily","120","Pulmonary tuberculosis","Thrombocytopenic purpura","Thrombocytopenic purpura","Blood and lymphatic system disorders","Severe","3","Yes","Probable","30.0","Elderly","68","Female","52.0","Diabetes mellitus type 2","Isoniazid + Pyrazinamide + Metformin","Not rechallenged","Held rifampicin; platelet transfusion","Recovered","Clinician","Ethiopian Food and Drug Authority","Platelet count dropped to 18000/µL"
"AFPV-2024-ZA-0001","2024-02-08","South Africa","Southern Africa","Southern Africa","Dolutegravir","Tivicay","Antiretroviral (INSTI)","J05AJ03","Oral","50","Once daily","365","HIV-1 infection","Significant weight gain and metabolic syndrome","Weight increased","Metabolism and nutrition disorders","Mild","1","No","Probable","90.0","Adult","33","Female","79.0","","Tenofovir + Lamivudine","Continued with monitoring","Not applicable","Ongoing","Clinician","SAHPRA South Africa","Weight gain of 9kg over 3 months; fasting glucose borderline"
"AFPV-2024-ZA-0002","2024-02-14","South Africa","Southern Africa","Southern Africa","Nevirapine","Viramune","Antiretroviral (NNRTI)","J05AG01","Oral","200","Twice daily","21","HIV-1 infection","Drug reaction with eosinophilia and systemic symptoms (DRESS)","Drug reaction with eosinophilia and systemic symptoms","Skin and subcutaneous tissue disorders","Severe","4","Yes","Definite","18.0","Adult","38","Female","63.0","","Zidovudine + Lamivudine","Not rechallenged","Discontinued immediately; corticosteroids given","Hospitalized - recovered","Clinician","SAHPRA South Africa","Eosinophil count >1500/µL; internal organ involvement confirmed"
"AFPV-2024-GH-0001","2024-02-19","Ghana","West Africa","Gulf of Guinea","Chloroquine","Malarex","Antimalarial","P01BA01","Oral","250","Once weekly","365","Malaria prophylaxis","Irreversible retinopathy","Retinopathy","Eye disorders","Severe","4","Yes","Definite","365.0","Elderly","62","Female","60.0","Hypertension","Amlodipine","Not rechallenged","Discontinued; ophthalmology referral","Recovered with sequelae","Ophthalmologist","Ghana FDA","Cumulative dose exceeded safe threshold; central visual field loss"
"AFPV-2024-GH-0002","2024-02-25","Ghana","West Africa","Gulf of Guinea","Metronidazole","Flagyl","Antiprotozoal / Antibiotic","J01XD01","Oral","400","Three times daily","10","Amoebiasis","Peripheral neuropathy","Peripheral neuropathy","Nervous system disorders","Moderate","2","No","Probable","7.0","Adult","45","Male","70.0","","","Not rechallenged","Discontinued; B12 supplementation","Recovered","Clinician","Ghana FDA","Tingling and numbness in bilateral lower limbs"
"AFPV-2024-TZ-0001","2024-03-02","Tanzania","East Africa","Greater Horn of Africa","Quinine","Quinimax","Antimalarial","P01BC01","Intravenous","10 mg/kg","Every 8 hours","7","Severe malaria","Hypoglycemia","Hypoglycaemia","Metabolism and nutrition disorders","Severe","3","Yes","Definite","1.0","Pediatric","4","Male","15.0","Severe malaria","","Not rechallenged","Dextrose IV; quinine completed","Recovered","Clinician","Tanzania Medicines and Medical Devices Authority","Blood glucose 1.8 mmol/L; seizure preceded by hypoglycemia"
"AFPV-2024-TZ-0002","2024-03-09","Tanzania","East Africa","Greater Horn of Africa","Cotrimoxazole","Bactrim","Antibiotic (Sulfonamide)","J01EE01","Oral","960","Twice daily","30","Pneumocystis pneumonia prophylaxis in HIV","Severe allergic skin rash","Toxic epidermal necrolysis","Skin and subcutaneous tissue disorders","Severe","4","Yes","Probable","12.0","Adult","36","Male","67.0","HIV/AIDS","Fluconazole","Not rechallenged","Discontinued; burns unit admission","Hospitalized - recovered","Clinician","TMDA Tanzania","Body surface area involvement >30%; life-threatening"
"AFPV-2024-UG-0001","2024-03-15","Uganda","East Africa","Great Lakes Region","Tenofovir disoproxil fumarate","Viread","Antiretroviral (NRTI)","J05AF07","Oral","300","Once daily","540","HIV-1 infection","Nephrotoxicity and Fanconi syndrome","Renal tubular disorder","Renal and urinary disorders","Moderate","2","Yes","Probable","180.0","Adult","44","Male","68.0","","Lamivudine + Efavirenz","Not rechallenged","Switched to TAF-based regimen","Recovered","Clinician","NDA Uganda","eGFR declined from 87 to 51 mL/min; phosphaturia confirmed"
"AFPV-2024-UG-0002","2024-03-21","Uganda","East Africa","Great Lakes Region","Abacavir","Ziagen","Antiretroviral (NRTI)","J05AF06","Oral","600","Once daily","14","HIV-1 infection","Abacavir hypersensitivity reaction","Hypersensitivity","Immune system disorders","Severe","4","Yes","Definite","9.0","Adult","31","Female","55.0","","Lamivudine + Dolutegravir","Not rechallenged","Discontinued immediately; antihistamines + steroids","Hospitalized - recovered","Clinician","NDA Uganda","HLA-B*57:01 not tested prior to initiation; multi-organ involvement"
"AFPV-2024-CM-0001","2024-03-27","Cameroon","Central Africa","Gulf of Guinea","Praziquantel","Biltricide","Anthelmintic","P02BA01","Oral","40 mg/kg","Single dose","1","Schistosomiasis","Severe abdominal pain and bloody diarrhea","Abdominal pain","Gastrointestinal disorders","Moderate","2","No","Probable","1.0","Pediatric","9","Female","26.0","Malnutrition","Albendazole","Not rechallenged","Symptomatic treatment; completed course","Recovered","Nurse","Ministry of Health Cameroon","Likely die-off reaction (Jarisch-Herxheimer-like); resolved within 48h"
"AFPV-2024-SN-0001","2024-04-02","Senegal","West Africa","Senegambia","Mefloquine","Lariam","Antimalarial","P01BC02","Oral","250","Once weekly","90","Malaria prophylaxis (travel)","Psychosis and severe anxiety","Psychotic disorder","Psychiatric disorders","Severe","3","Yes","Probable","21.0","Adult","27","Male","75.0","","","Not rechallenged","Discontinued; psychiatric referral","Recovered with sequelae","Clinician","DPML Senegal","Delusions and paranoia; required short-term antipsychotic"
"AFPV-2024-ZM-0001","2024-04-08","Zambia","Southern Africa","South-Central Africa","Streptomycin","Streptomycin Sulfate","Antitubercular (Aminoglycoside)","J04AM01","Intramuscular","1000","Once daily","60","Drug-resistant tuberculosis","Bilateral sensorineural hearing loss","Sensorineural hearing loss","Ear and labyrinth disorders","Severe","4","Yes","Definite","45.0","Adult","50","Male","63.0","HIV co-infection","Isoniazid + Pyrazinamide + Ethambutol","Not rechallenged","Audiologist referral; drug substituted","Recovered with sequelae","Clinician","ZAMRA Zambia","Permanent hearing damage at high frequencies; audiogram confirmed"
"AFPV-2024-MZ-0001","2024-04-14","Mozambique","Southern Africa","South-Central Africa","Lumefantrine","Coartem (component)","Antimalarial","P01BF01","Oral","480","Twice daily (3 days)","3","Uncomplicated malaria","Severe drug-induced pruritus","Pruritus","Skin and subcutaneous tissue disorders","Mild","1","No","Possible","2.0","Pediatric","7","Female","22.0","","Paracetamol","Not rechallenged","Antihistamine given; treatment completed","Recovered","Nurse","DNAM Mozambique","Generalized itching without visible rash; resolved with loratadine"
"AFPV-2024-CI-0001","2024-04-20","Cote d'Ivoire","West Africa","Gulf of Guinea","Fluconazole","Diflucan","Antifungal (Azole)","J02AC01","Oral","150","Single dose","1","Vaginal candidiasis","Severe hepatocellular injury","Hepatocellular injury","Hepatobiliary disorders","Severe","3","Yes","Probable","3.0","Adult","29","Female","60.0","Pregnancy (3rd trimester)","","Not rechallenged","Discontinued; hepatology referral","Recovering","Clinician","ANRP Cote d'Ivoire","AST/ALT >20x ULN; neonatal outcomes monitored"
"AFPV-2024-RW-0001","2024-04-26","Rwanda","East Africa","Great Lakes Region","Dapsone","Aczone","Antibiotic / Antileprosy","J04BA02","Oral","100","Once daily","90","Leprosy treatment","Methemoglobinemia","Methaemoglobinaemia","Blood and lymphatic system disorders","Severe","4","Yes","Definite","7.0","Adult","35","Male","60.0","G6PD deficiency","Rifampicin + Clofazimine","Not rechallenged","Methylene blue IV; dapsone discontinued","Hospitalized - recovered","Clinician","Rwanda FDA","Oxygen saturation 78%; cyanosis; G6PD deficiency confirmed retrospectively"
"AFPV-2024-RW-0002","2024-05-03","Rwanda","East Africa","Great Lakes Region","Hydroxychloroquine","Plaquenil","Antimalarial / DMARD","P01BA02","Oral","400","Once daily","365","Systemic lupus erythematosus","Cardiomyopathy","Cardiomyopathy","Cardiac disorders","Severe","3","Yes","Probable","180.0","Adult","42","Female","65.0","Systemic lupus erythematosus","Prednisolone","Not rechallenged","Discontinued; cardiology follow-up","Recovering","Cardiologist","Rwanda FDA","Echocardiogram showed dilated cardiomyopathy; rare but documented"
"AFPV-2024-SD-0001","2024-05-09","Sudan","East Africa","Nile Valley","Sodium stibogluconate","Pentostam","Antiprotozoal (Antimonial)","P01CB02","Intravenous","20 mg/kg","Once daily","28","Visceral leishmaniasis","QTc prolongation and torsades de pointes","Torsade de pointes","Cardiac disorders","Severe","4","Yes","Definite","14.0","Adult","39","Male","58.0","Malnutrition","","Not rechallenged","Switched to liposomal amphotericin B","Hospitalized - recovered","Clinician","Sudan NPC","Cardiac monitoring essential; QTc exceeded 550ms"
"AFPV-2024-ML-0001","2024-05-15","Mali","West Africa","Sahel","Artesunate","Guilin","Antimalarial","P01BE03","Intravenous","2.4 mg/kg","0h; 12h; 24h then daily","7","Severe malaria","Post-artesunate delayed hemolysis","Haemolytic anaemia","Blood and lymphatic system disorders","Severe","3","Yes","Definite","10.0","Adult","26","Male","71.0","","","Not rechallenged","Blood transfusion; close monitoring","Hospitalized - recovered","Clinician","DNSP Mali","Hemoglobin drop from 11 to 5.2 g/dL at day 10 post treatment"
"AFPV-2024-MG-0001","2024-05-21","Madagascar","East Africa","Indian Ocean Islands","Artemether","Paluther","Antimalarial","P01BE02","Intramuscular","3.2 mg/kg","Then 1.6 mg/kg daily","3","Severe malaria in pregnancy","Fetal bradycardia and preterm labor","Foetal bradycardia","Pregnancy, puerperium and perinatal conditions","Severe","3","Yes","Possible","2.0","Adult","22","Female","55.0","Pregnancy (3rd trimester)","Ferrous sulfate","Not rechallenged","Obstetric emergency management","Hospitalized - recovering","Clinician","AEEM Madagascar","Emergency C-section performed; neonate survived"
"AFPV-2024-AO-0001","2024-05-27","Angola","Southern Africa","South-Central Africa","Albendazole","Zentel","Anthelmintic (Benzimidazole)","P02CA03","Oral","400","Single dose","1","Soil-transmitted helminthiasis","Elevated liver enzymes (DILI)","Drug-induced liver injury","Hepatobiliary disorders","Moderate","2","No","Possible","5.0","Pediatric","11","Male","35.0","","Vitamin A supplement","Not rechallenged","Monitoring; spontaneous resolution","Recovered","Nurse","ARMED Angola","Transaminase elevation 3-5x ULN; resolved without intervention"
"AFPV-2024-TN-0001","2024-06-02","Tunisia","North Africa","Maghreb","Amoxicillin + Clavulanate","Augmentin","Antibiotic (Penicillin)","J01CR02","Oral","875/125","Twice daily","10","Lower respiratory tract infection","Cholestatic jaundice","Cholestatic jaundice","Hepatobiliary disorders","Moderate","2","Yes","Probable","8.0","Elderly","71","Female","67.0","Hypothyroidism","Levothyroxine","Not rechallenged","Discontinued; ursodeoxycholic acid","Recovered","Clinician","DMPV Tunisia","Total bilirubin 8.4 mg/dL; alkaline phosphatase elevated 4x ULN"
"AFPV-2024-MA-0001","2024-06-08","Morocco","North Africa","Maghreb","Tramadol","Tramal","Opioid analgesic","N02AX02","Oral","100","Twice daily","30","Chronic lower back pain","Serotonin syndrome","Serotonin syndrome","Nervous system disorders","Severe","4","Yes","Definite","3.0","Adult","48","Male","82.0","Depression","Sertraline + Metoclopramide","Not rechallenged","Cyproheptadine; ICU monitoring","Hospitalized - recovered","Clinician","DPMED Morocco","Classic triad: agitation + clonus + hyperthermia; drug interaction identified"
"AFPV-2024-EG-0001","2024-06-14","Egypt","North Africa","Nile Valley","Amiodarone","Cordarone","Antiarrhythmic","C01BD01","Oral","200","Once daily","365","Atrial fibrillation","Amiodarone-induced thyrotoxicosis type II","Hyperthyroidism","Endocrine disorders","Moderate","2","Yes","Definite","270.0","Elderly","66","Male","78.0","Coronary artery disease","Warfarin + Bisoprolol","Not rechallenged","Endocrinology referral; corticosteroids","Recovering","Cardiologist","CAPA Egypt","TSH suppressed; FT4 elevated; thyroid scan unremarkable (type II)"
"AFPV-2024-DZ-0001","2024-06-20","Algeria","North Africa","Maghreb","Diclofenac sodium","Voltaren","NSAID","M01AB05","Oral","75","Twice daily","14","Osteoarthritis","Acute kidney injury","Acute kidney injury","Renal and urinary disorders","Severe","3","Yes","Probable","7.0","Elderly","74","Female","70.0","Chronic kidney disease stage 2","Lisinopril + Furosemide","Not rechallenged","Diclofenac stopped; IV fluids; nephrology","Recovered","Clinician","ANPP Algeria","Triple whammy effect (NSAID + ACEi + diuretic); creatinine tripled"
"AFPV-2024-MU-0001","2024-07-01","Mauritius","East Africa","Indian Ocean Islands","Metformin","Glucophage","Antidiabetic (Biguanide)","A10BA02","Oral","1000","Twice daily","60","Type 2 diabetes mellitus","Lactic acidosis","Lactic acidosis","Metabolism and nutrition disorders","Severe","4","Yes","Definite","45.0","Elderly","69","Male","85.0","Chronic kidney disease stage 3","Amlodipine + Atorvastatin","Not rechallenged","Discontinued; bicarbonate therapy; ICU","Hospitalized - recovered","Clinician","MCCI Mauritius","Metformin continued despite declining eGFR; serum lactate 9.2 mmol/L"
"AFPV-2024-BW-0001","2024-07-07","Botswana","Southern Africa","Southern Africa","Zidovudine","Retrovir","Antiretroviral (NRTI)","J05AF01","Oral","300","Twice daily","180","HIV-1 infection","Severe anemia (aplastic)","Aplastic anaemia","Blood and lymphatic system disorders","Severe","4","Yes","Probable","60.0","Adult","30","Female","62.0","","Lamivudine + Nevirapine","Not rechallenged","Switched to TDF-based; EPO + transfusion","Hospitalized - recovered","Clinician","BURS Botswana","Hemoglobin 4.1 g/dL; bone marrow biopsy: erythroid hypoplasia"
"AFPV-2024-NA-0001","2024-07-13","Namibia","Southern Africa","Southern Africa","Linezolid","Zyvox","Antibiotic (Oxazolidinone)","J01XX08","Oral","600","Twice daily","56","Multi-drug-resistant tuberculosis","Peripheral neuropathy and optic neuritis","Optic neuritis","Nervous system disorders","Severe","3","Yes","Definite","28.0","Adult","36","Male","70.0","HIV co-infection","TDF + 3TC + DTG","Not rechallenged","Linezolid dose-reduced; B6 supplementation; ophthalmology","Recovering","Clinician","NMRC Namibia","Vision loss partially reversible; peripheral neuropathy persistent"
"AFPV-2024-SL-0001","2024-07-19","Sierra Leone","West Africa","Gulf of Guinea","Quinine","Quinimax","Antimalarial","P01BC01","Intravenous","10 mg/kg","Every 8 hours","5","Cerebral malaria","Cinchonism (tinnitus + dizziness + vision blurring)","Tinnitus","Ear and labyrinth disorders","Moderate","2","No","Definite","2.0","Adult","32","Male","68.0","","","Continued with monitoring","Not applicable","Recovered","Clinician","NPPA Sierra Leone","Classic cinchonism triad; symptoms resolved after treatment completion"
"AFPV-2024-BJ-0001","2024-07-25","Benin","West Africa","Gulf of Guinea","Mefloquine","Lariam","Antimalarial","P01BC02","Oral","250","Once weekly","52","Malaria prophylaxis","Neurological seizure","Seizure","Nervous system disorders","Severe","3","Yes","Probable","35.0","Adult","25","Female","56.0","","Oral contraceptive","Not rechallenged","Discontinued; neurology referral; AED initiated","Hospitalized - recovered","Clinician","ABMM Benin","First unprovoked seizure; EEG abnormal; prior psychiatric history absent"
"AFPV-2024-KE-0003","2024-08-01","Kenya","East Africa","Greater Horn of Africa","Phenytoin","Dilantin","Antiepileptic","N03AB02","Oral","300","Once daily","180","Focal epilepsy","Gingival hyperplasia and hirsutism","Gingival hypertrophy","Skin and subcutaneous tissue disorders","Mild","1","No","Definite","90.0","Pediatric","12","Female","38.0","Epilepsy since age 5","Valproate","Continued; dental hygiene reinforced","Not applicable","Ongoing","Clinician","PPB Kenya","Common long-term ADR; managed conservatively"
"AFPV-2024-NG-0003","2024-08-07","Nigeria","West Africa","Gulf of Guinea","Gentamicin","Garamycin","Antibiotic (Aminoglycoside)","J01GB03","Intravenous","5 mg/kg","Once daily","10","Neonatal sepsis","Nephrotoxicity","Nephrotoxicity","Renal and urinary disorders","Moderate","2","Yes","Probable","6.0","Neonatal","0","Male","3.2","Prematurity","Ampicillin","Not rechallenged","Discontinued; renal support","Recovering","Clinician","NAFDAC Nigeria","Serum creatinine rose 3x baseline in premature neonate; drug levels not monitored"
"AFPV-2024-ET-0003","2024-08-13","Ethiopia","East Africa","Horn of Africa","Chlorpromazine","Largactil","Antipsychotic (Typical)","N05AA01","Oral","200","Twice daily","90","Schizophrenia","Tardive dyskinesia","Tardive dyskinesia","Nervous system disorders","Moderate","2","Yes","Probable","90.0","Adult","37","Male","74.0","Schizophrenia","","Continued with dose reduction","Not applicable","Ongoing","Clinician","Ethiopian Food and Drug Authority","Orofacial involuntary movements; reversible on dose reduction"
"AFPV-2024-ZA-0003","2024-08-19","South Africa","Southern Africa","Southern Africa","Clozapine","Clozaril","Antipsychotic (Atypical)","N05AH02","Oral","300","Twice daily","30","Treatment-resistant schizophrenia","Agranulocytosis","Agranulocytosis","Blood and lymphatic system disorders","Severe","4","Yes","Definite","28.0","Adult","41","Female","66.0","Schizophrenia","Valproate","Not rechallenged","Clozapine stopped; G-CSF; isolation","Hospitalized - recovered","Clinician","SAHPRA South Africa","ANC <100 cells/µL; mandatory monitoring protocol missed for 2 weeks"
"AFPV-2024-GH-0003","2024-08-25","Ghana","West Africa","Gulf of Guinea","Haloperidol","Haldol","Antipsychotic (Typical)","N05AD01","Intramuscular","5","Twice daily","7","Acute psychosis","Neuroleptic malignant syndrome","Neuroleptic malignant syndrome","Nervous system disorders","Severe","4","Yes","Definite","3.0","Adult","33","Male","77.0","","Lithium","Not rechallenged","Haloperidol stopped; bromocriptine + dantrolene; ICU","Hospitalized - recovered","Clinician","Ghana FDA","Classic NMS: fever >40°C + rigidity + elevated CK (8500 U/L) + altered consciousness"
"AFPV-2024-TZ-0003","2024-09-01","Tanzania","East Africa","Greater Horn of Africa","Carbamazepine","Tegretol","Antiepileptic","N03AF01","Oral","200","Twice daily","60","Trigeminal neuralgia","HLA-B*15:02-associated Stevens-Johnson Syndrome","Stevens-Johnson syndrome","Skin and subcutaneous tissue disorders","Severe","4","Yes","Definite","14.0","Adult","46","Female","60.0","","","Not rechallenged","Immediate discontinuation; burns unit","Hospitalized - recovering","Clinician","TMDA Tanzania","Southeast Asian ancestry; HLA-B*15:02 not screened; widespread blistering"
"AFPV-2024-UG-0003","2024-09-07","Uganda","East Africa","Great Lakes Region","Valproic acid","Depakine","Antiepileptic / Mood stabilizer","N03AG01","Oral","500","Twice daily","270","Bipolar disorder","Valproate-induced hyperammonemic encephalopathy","Encephalopathy","Nervous system disorders","Severe","3","Yes","Probable","90.0","Adult","39","Female","64.0","","Quetiapine","Valproate continued; dose reduced","Ammonia lowering therapy added","Hospitalized - recovered","Clinician","NDA Uganda","Serum ammonia 189 µmol/L; normal LFTs (non-hepatic mechanism)"
"AFPV-2024-CM-0002","2024-09-13","Cameroon","Central Africa","Gulf of Guinea","Ivermectin","Mectizan","Antiparasitic","P02CF01","Oral","150 mcg/kg","Single dose","1","Onchocerciasis (mass drug administration)","Mazzotti reaction","Mazzotti reaction","Immune system disorders","Moderate","2","No","Definite","1.0","Adult","30","Male","65.0","High Loa loa microfilaraemia (unknown)","","Not rechallenged","Antihistamines; corticosteroids; monitoring","Hospitalized - recovered","Clinician","Ministry of Health Cameroon","L. loa co-infection caused severe systemic reaction; encephalopathy risk screening missed"
"AFPV-2024-KE-0004","2024-09-19","Kenya","East Africa","Greater Horn of Africa","Atenolol","Tenormin","Beta-blocker","C07AB03","Oral","50","Once daily","90","Hypertension","Severe bradycardia and heart block","Atrioventricular block complete","Cardiac disorders","Severe","3","Yes","Probable","7.0","Elderly","72","Male","74.0","Hypothyroidism","Levothyroxine + Amlodipine","Not rechallenged","Discontinued; atropine IV; pacemaker evaluation","Hospitalized - recovered","Cardiologist","PPB Kenya","3rd degree AV block on ECG; pacemaker implanted"
"AFPV-2024-NG-0004","2024-09-25","Nigeria","West Africa","Gulf of Guinea","Amphotericin B (conventional)","Fungizone","Antifungal (Polyene)","J02AA01","Intravenous","1 mg/kg","Once daily","14","Cryptococcal meningitis","Nephrotoxicity and electrolyte wasting","Nephrotoxicity","Renal and urinary disorders","Severe","3","Yes","Definite","5.0","Adult","29","Male","60.0","HIV/AIDS (CD4: 45)","Fluconazole","Not rechallenged","Liposomal AmB substituted; electrolyte replacement","Hospitalized - recovering","Clinician","NAFDAC Nigeria","Creatinine 3.2 mg/dL; K+ 2.7; Mg2+ 0.5; expected ADR - monitoring inadequate"
"AFPV-2024-ET-0004","2024-10-01","Ethiopia","East Africa","Horn of Africa","Pyrazinamide","PZA","Antitubercular","J04AK01","Oral","1500","Once daily","60","Pulmonary tuberculosis","Acute gout attack","Gout","Musculoskeletal and connective tissue disorders","Moderate","2","No","Definite","30.0","Adult","53","Male","72.0","Hyperuricemia (pre-existing)","","Dose adjusted; allopurinol added","Not discontinued","Recovered","Clinician","Ethiopian Food and Drug Authority","Uric acid 11.2 mg/dL; podagra (first MTP joint); pyrazinamide continued after gout management"
"AFPV-2024-ZA-0004","2024-10-07","South Africa","Southern Africa","Southern Africa","Warfarin","Coumadin","Anticoagulant","B01AA03","Oral","5","Once daily","180","Atrial fibrillation","Intracranial hemorrhage","Intracranial haemorrhage","Vascular disorders","Severe","4","Yes","Probable","90.0","Elderly","78","Female","61.0","Atrial fibrillation","Aspirin + Atorvastatin","Not rechallenged","Warfarin reversed; neurosurgery","Hospitalized - not recovered","Cardiologist","SAHPRA South Africa","INR 7.8 at event; supratherapeutic due to drug-food interaction (grapefruit)"
"AFPV-2024-GH-0004","2024-10-13","Ghana","West Africa","Gulf of Guinea","Digoxin","Lanoxin","Cardiac glycoside","C01AA05","Oral","0.25","Once daily","365","Congestive heart failure","Digoxin toxicity","Digoxin toxicity","Cardiac disorders","Severe","4","Yes","Definite","365.0","Elderly","80","Male","55.0","Chronic kidney disease + AF","Furosemide + Spironolactone","Not rechallenged","Digoxin stopped; Digibind (digoxin-specific antibody fragments)","Hospitalized - recovered","Cardiologist","Ghana FDA","Serum digoxin 4.2 ng/mL; narrow therapeutic index; no level monitoring for 12 months"
"AFPV-2024-TZ-0004","2024-10-19","Tanzania","East Africa","Greater Horn of Africa","Ofloxacin","Floxin","Antibiotic (Fluoroquinolone)","J01MA01","Oral","400","Twice daily","28","Multidrug-resistant tuberculosis","Spontaneous Achilles tendon rupture","Tendon rupture","Musculoskeletal and connective tissue disorders","Severe","3","Yes","Probable","21.0","Adult","47","Male","80.0","Diabetes mellitus","TDF + 3TC + EFV","Not rechallenged","Surgical repair; orthopedic referral","Hospitalized - recovering","Clinician","TMDA Tanzania","Fluoroquinolone + corticosteroid not involved; diabetes likely contributing risk factor"
"AFPV-2024-UG-0004","2024-10-25","Uganda","East Africa","Great Lakes Region","Spironolactone","Aldactone","Potassium-sparing diuretic","C03DA01","Oral","50","Once daily","90","Congestive heart failure","Life-threatening hyperkalemia","Hyperkalaemia","Metabolism and nutrition disorders","Severe","4","Yes","Definite","60.0","Elderly","76","Female","68.0","Chronic kidney disease stage 3b","Lisinopril + Bisoprolol","Not rechallenged","Calcium gluconate IV; insulin + dextrose; kayexalate","Hospitalized - recovered","Clinician","NDA Uganda","K+ 7.1 mEq/L; ECG showed peaked T-waves; aldosterone antagonist + ACEi in CKD"
"AFPV-2024-ZM-0002","2024-11-01","Zambia","Southern Africa","South-Central Africa","Lopinavir + Ritonavir","Kaletra","Antiretroviral (PI/boosted)","J05AE06","Oral","400/100","Twice daily","730","HIV-1 infection","Severe metabolic lipodystrophy","Lipodystrophy","Metabolism and nutrition disorders","Moderate","2","No","Probable","365.0","Adult","38","Male","70.0","","TDF + 3TC","Not rechallenged","Regimen switch to DTG-based","Ongoing","Clinician","ZAMRA Zambia","Facial fat wasting + central adiposity; triglycerides 9.8 mmol/L; rare in newer regimens"
"AFPV-2024-MZ-0002","2024-11-07","Mozambique","Southern Africa","South-Central Africa","Hydroxychloroquine","Plaquenil","Antimalarial / DMARD","P01BA02","Oral","400","Once daily","180","COVID-19 (off-label, early pandemic)","Severe cardiac arrhythmia (VT)","Ventricular tachycardia","Cardiac disorders","Severe","4","Yes","Probable","14.0","Adult","57","Male","90.0","Obesity + Hypertension","Azithromycin","Not rechallenged","Antiarrhythmic; ICU; combination avoided","Hospitalized - recovered","Cardiologist","DNAM Mozambique","Combined QTc prolongation with azithromycin; off-label COVID-19 use"
"AFPV-2024-MU-0002","2024-11-13","Mauritius","East Africa","Indian Ocean Islands","Atorvastatin","Lipitor","Lipid-lowering (Statin)","C10AA05","Oral","80","Once daily","180","Hypercholesterolaemia","Rhabdomyolysis","Rhabdomyolysis","Musculoskeletal and connective tissue disorders","Severe","4","Yes","Probable","90.0","Adult","52","Male","95.0","","Clarithromycin + Diltiazem","Not rechallenged","Discontinued; IV fluids; urine alkalinization","Hospitalized - recovered","Clinician","MCCI Mauritius","CK >50000 U/L; CYP3A4 inhibitors increased statin exposure; acute renal failure developed"
"AFPV-2024-BW-0002","2024-11-19","Botswana","Southern Africa","Southern Africa","Acyclovir","Zovirax","Antiviral","J05AB01","Intravenous","10 mg/kg","Every 8 hours","14","Herpes simplex encephalitis","Crystalluria and obstructive nephropathy","Crystalluria","Renal and urinary disorders","Moderate","2","Yes","Probable","5.0","Adult","35","Female","58.0","","","Not rechallenged","IV hydration increased; dose adjusted by weight","Recovered","Clinician","BURS Botswana","Inadequate hydration during IV infusion; urine output monitoring lacking"
"AFPV-2024-NA-0002","2024-11-25","Namibia","Southern Africa","Southern Africa","Nifedipine","Adalat","Calcium channel blocker","C08CA05","Oral","30 (IR)","Three times daily","30","Hypertensive urgency","Reflex tachycardia and hypotension","Hypotension","Vascular disorders","Moderate","2","No","Definite","1.0","Elderly","70","Female","65.0","Hypertension + diabetes","Metformin + Glibenclamide","Not rechallenged","Switched to amlodipine","Recovered","Clinician","NMRC Namibia","Immediate-release nifedipine for urgency; no longer recommended in guidelines"
"AFPV-2024-CI-0002","2024-12-01","Cote d'Ivoire","West Africa","Gulf of Guinea","Ceftriaxone","Rocephin","Antibiotic (Cephalosporin)","J01DD04","Intravenous","2000","Once daily","7","Bacterial meningitis","Biliary pseudolithiasis","Biliary pseudolithiasis","Gastrointestinal disorders","Mild","1","No","Definite","5.0","Pediatric","8","Male","25.0","","Dexamethasone","Not rechallenged; resolved after treatment completion","Not applicable","Recovered","Radiologist","ANRP Cote d'Ivoire","Ultrasound: sludge in gallbladder; calcium-ceftriaxone precipitate; resolved spontaneously"
"AFPV-2024-SN-0002","2024-12-07","Senegal","West Africa","Senegambia","Misoprostol","Cytotec","Prostaglandin (uterotonic)","G02AD06","Sublingual","800 mcg","Single dose","1","Post-partum hemorrhage","Uterine hyperstimulation and rupture (misdose)","Uterine rupture","Pregnancy puerperium and perinatal conditions","Severe","4","Yes","Probable","1.0","Adult","28","Female","63.0","Previous cesarean section","Oxytocin","Not rechallenged","Emergency hysterectomy; blood transfusion","Hospitalized - not recovered (hysterectomy)","Obstetrician","DPML Senegal","Dose confusion: 800mcg given instead of 200mcg; prior uterine scar not noted"
"AFPV-2024-SD-0002","2024-12-13","Sudan","East Africa","Nile Valley","Captopril","Capoten","ACE inhibitor","C09AA01","Oral","25","Twice daily","180","Hypertension","Angioedema of the tongue","Angioedema","Immune system disorders","Severe","3","Yes","Definite","120.0","Adult","55","Male","79.0","","Diclofenac","Not rechallenged","Discontinued; IV adrenaline; airway secured","Hospitalized - recovered","Emergency Physician","Sudan NPC","Bradykinin-mediated angioedema; airway obstruction risk; switched to ARB"
"AFPV-2024-ML-0002","2024-12-19","Mali","West Africa","Sahel","Sulfadoxine + Pyrimethamine","Fansidar","Antimalarial (IPTp)","P01BD51","Oral","1500/75","Once (3 doses in pregnancy)","1","Intermittent preventive treatment in pregnancy (IPTp)","Folate antagonism causing fetal neural tube defect","Congenital abnormality","Congenital familial and genetic disorders","Severe","4","Yes","Probable","","Adult","19","Female","52.0","Pregnancy (1st trimester - drug given too early)","Folic acid (low dose)","Not rechallenged","Fetal abnormality identified on ultrasound","Fetal death","Obstetrician","DNSP Mali","IPTp given in 1st trimester against guidelines; antagonizes folate; neural tube defect"
"AFPV-2024-MG-0002","2024-12-25","Madagascar","East Africa","Indian Ocean Islands","Halofantrine","Halfan","Antimalarial","P01BC01","Oral","500","Three doses over 24h","1","Uncomplicated malaria","Fatal cardiac arrhythmia (torsades de pointes)","Torsade de pointes","Cardiac disorders","Severe","4","Yes","Definite","1.0","Adult","40","Male","73.0","Undiagnosed prolonged QT syndrome","","Not rechallenged","Resuscitation unsuccessful","Death","Emergency Physician","AEEM Madagascar","ECG not performed prior to prescription; family history of sudden cardiac death"
"AFPV-2025-KE-0001","2025-01-04","Kenya","East Africa","Greater Horn of Africa","Bedaquiline","Sirturo","Antitubercular (Diarylquinoline)","J04AK05","Oral","400 (first 2 weeks) then 200","Three times/week","180","MDR-tuberculosis","QTc prolongation and Torsades de Pointes","Torsade de pointes","Cardiac disorders","Severe","4","Yes","Probable","60.0","Adult","36","Male","68.0","HIV co-infection","TDF + 3TC + DTG + Clofazimine","Not rechallenged","Bedaquiline held; cardiologist consult; ECG weekly","Hospitalized - recovered","Clinician","PPB Kenya","Additive QTc with clofazimine; both agents prolong QTc; mandatory monitoring needed"
"AFPV-2025-NG-0001","2025-01-10","Nigeria","West Africa","Gulf of Guinea","Ofloxacin","Floxin","Antibiotic (Fluoroquinolone)","J01MA01","Oral","400","Twice daily","14","Typhoid fever","Hypoglycemia in non-diabetic","Hypoglycaemia","Metabolism and nutrition disorders","Moderate","2","Yes","Probable","4.0","Adult","26","Female","57.0","","","Not rechallenged","Glucose supplementation; monitoring","Recovered","Clinician","NAFDAC Nigeria","Rare ADR; insulin secretagogue effect proposed; blood glucose 2.1 mmol/L"
"AFPV-2025-ET-0001","2025-01-16","Ethiopia","East Africa","Horn of Africa","Delamanid","Deltyba","Antitubercular","J04AK06","Oral","100","Twice daily","180","Pre-XDR tuberculosis","Severe insomnia and anxiety disorder","Insomnia","Psychiatric disorders","Moderate","2","No","Probable","14.0","Adult","32","Female","55.0","","Isoniazid (high-dose) + Meropenem","Continued with sleep hygiene counselling","Melatonin added","Recovering","Clinician","Ethiopian Food and Drug Authority","Emerging ADR profile of newer TB drugs; limited African data"
"AFPV-2025-ZA-0001","2025-01-22","South Africa","Southern Africa","Southern Africa","Lenacapavir","Sunlenca","Antiretroviral (Capsid inhibitor)","J05AX29","Subcutaneous injection","927 mg","Every 6 months","180","HIV-1 infection (long-acting therapy)","Injection site nodule and fat necrosis","Injection site reaction","General disorders and administration site conditions","Mild","1","No","Definite","7.0","Adult","34","Female","70.0","","Emtricitabine + TAF (oral)","Continued; alternative injection site","Not applicable","Ongoing","Clinician","SAHPRA South Africa","New long-acting injectable; local tissue reaction at abdominal injection site"
"AFPV-2025-GH-0001","2025-01-28","Ghana","West Africa","Gulf of Guinea","Clopidogrel","Plavix","Antiplatelet","B01AC04","Oral","75","Once daily","90","Acute coronary syndrome post-PCI","Life-threatening GI hemorrhage","Gastrointestinal haemorrhage","Gastrointestinal disorders","Severe","3","Yes","Probable","30.0","Elderly","75","Male","78.0","Peptic ulcer disease (history)","Aspirin + Lansoprazole","Not rechallenged","Transfusion; endoscopy; PPI optimized","Hospitalized - recovered","Gastroenterologist","Ghana FDA","Dual antiplatelet therapy without adequate gastroprotection; ulcer reactivation"
"AFPV-2025-TZ-0001","2025-02-03","Tanzania","East Africa","Greater Horn of Africa","Lithium carbonate","Priadel","Mood stabilizer","N05AN01","Oral","800","Twice daily","365","Bipolar disorder type I","Lithium-induced nephrogenic diabetes insipidus","Diabetes insipidus","Renal and urinary disorders","Moderate","2","Yes","Definite","180.0","Adult","43","Male","75.0","Bipolar disorder","Haloperidol","Lithium continued; amiloride added","Dose reduced to lowest therapeutic level","Recovering","Clinician","TMDA Tanzania","Urine osmolality <150 mOsm/kg; polyuria 6L/day; lithium level within range"
"AFPV-2025-UG-0001","2025-02-09","Uganda","East Africa","Great Lakes Region","Rifampicin","Rifadin","Antitubercular","J04AB02","Oral","600","Once daily","30","Pulmonary tuberculosis","Severe orange discoloration of contact lenses (soft) and bodily fluids leading to panic","Chromaturia","Renal and urinary disorders","Mild","1","No","Definite","1.0","Adult","28","Female","60.0","","Isoniazid + Pyrazinamide","Continued; counselling provided","Not applicable","Recovered","Clinician","NDA Uganda","Patient not counselled prior; panic and self-discontinuation; resolved with education"
"AFPV-2025-CM-0001","2025-02-15","Cameroon","Central Africa","Gulf of Guinea","Diethylcarbamazine","Hetrazan","Antiparasitic (Filaricide)","P02CB02","Oral","6 mg/kg","Once daily","12","Lymphatic filariasis","Severe L. loa encephalopathy","Encephalopathy","Nervous system disorders","Severe","4","Yes","Definite","4.0","Adult","40","Male","65.0","Loa loa co-infection (high microfilaraemia)","","Not rechallenged","Supportive ICU care; apheresis considered","Hospitalized - not recovered","Clinician","Ministry of Health Cameroon","L. loa MF count >50000/mL; DEC contraindicated in hyperendemics with high mf counts"
"AFPV-2025-KE-0002","2025-02-21","Kenya","East Africa","Greater Horn of Africa","Hormonal contraceptive (DMPA)","Depo-Provera","Hormonal contraceptive (Progestogen)","G03AC06","Intramuscular","150 mg","Every 3 months","365","Contraception","Reduced bone mineral density (osteopenia)","Osteopenia","Musculoskeletal and connective tissue disorders","Moderate","2","No","Probable","365.0","Adult","23","Female","52.0","","","Not rechallenged","Calcium + Vit D supplementation; switch considered","Ongoing","Clinician","PPB Kenya","DEXA scan Z-score -1.5; prolonged DMPA use in young women; recovers on discontinuation"
"AFPV-2025-NG-0002","2025-02-27","Nigeria","West Africa","Gulf of Guinea","Phenobarbitone","Luminal","Antiepileptic / Sedative","N03AA02","Oral","60","Once daily","730","Epilepsy","Vitamin D deficiency rickets","Rickets","Metabolism and nutrition disorders","Moderate","2","No","Definite","365.0","Pediatric","5","Male","18.0","Epilepsy","","Not rechallenged","Calcium + Vit D supplementation; drug continued","Recovering","Clinician","NAFDAC Nigeria","CYP450 induction accelerates Vit D catabolism; bowleg deformity on X-ray"
"AFPV-2025-ET-0002","2025-03-05","Ethiopia","East Africa","Horn of Africa","Carbimazole","Neo-Mercazole","Antithyroid","H03BB01","Oral","20","Three times daily","90","Hyperthyroidism (Graves' disease)","Agranulocytosis with overwhelming sepsis","Agranulocytosis","Blood and lymphatic system disorders","Severe","4","Yes","Definite","21.0","Adult","27","Female","53.0","Graves' disease","","Not rechallenged","Carbimazole stopped; G-CSF; antibiotics; ICU","Hospitalized - not recovered (death)","Clinician","Ethiopian Food and Drug Authority","ANC 0 cells/µL; Klebsiella septicemia; mandatory WBC monitoring not done after week 1"
"AFPV-2025-ZA-0002","2025-03-11","South Africa","Southern Africa","Southern Africa","Oseltamivir","Tamiflu","Antiviral (Neuraminidase inhibitor)","J05AH02","Oral","75","Twice daily","5","Influenza A (H1N1)","Self-harm ideation in adolescent","Suicidal ideation","Psychiatric disorders","Severe","3","Yes","Possible","2.0","Pediatric","16","Male","60.0","","","Not rechallenged","Psychiatric evaluation; completed antivirals","Hospitalized - recovered","Clinician","SAHPRA South Africa","Rare CNS ADR; mechanism unclear; FDA black box warning in pediatrics; outcome favorable"
